-- INSERT CATEGORIES
INSERT INTO categories (id, name, slug, color, created_at, updated_at) VALUES (1000, 'Inspirational Quotes', 'inspirational-quotes', '#ff5733', NOW(), NOW()) ON CONFLICT DO NOTHING;
INSERT INTO categories (id, name, slug, color, created_at, updated_at) VALUES (1001, 'Life Lessons', 'life-lessons', '#33ff57', NOW(), NOW()) ON CONFLICT DO NOTHING;
INSERT INTO categories (id, name, slug, color, created_at, updated_at) VALUES (1002, 'Success Mindset', 'success-mindset', '#3357ff', NOW(), NOW()) ON CONFLICT DO NOTHING;
INSERT INTO categories (id, name, slug, color, created_at, updated_at) VALUES (1003, 'Wisdom Words', 'wisdom-words', '#ff33a8', NOW(), NOW()) ON CONFLICT DO NOTHING;
INSERT INTO categories (id, name, slug, color, created_at, updated_at) VALUES (1004, 'Love & Relationships', 'love-relationships', '#a833ff', NOW(), NOW()) ON CONFLICT DO NOTHING;
INSERT INTO categories (id, name, slug, color, created_at, updated_at) VALUES (1005, 'Future Tech', 'future-tech', '#33d4ff', NOW(), NOW()) ON CONFLICT DO NOTHING;

-- INSERT TAGS
INSERT INTO tags (id, name, slug, created_at, updated_at) VALUES (1000, 'mindset-growth', 'mindset-growth', NOW(), NOW()) ON CONFLICT DO NOTHING;
INSERT INTO tags (id, name, slug, created_at, updated_at) VALUES (1001, 'personal-growth', 'personal-growth', NOW(), NOW()) ON CONFLICT DO NOTHING;
INSERT INTO tags (id, name, slug, created_at, updated_at) VALUES (1002, 'the-future', 'the-future', NOW(), NOW()) ON CONFLICT DO NOTHING;
INSERT INTO tags (id, name, slug, created_at, updated_at) VALUES (1003, 'true-happiness', 'true-happiness', NOW(), NOW()) ON CONFLICT DO NOTHING;
INSERT INTO tags (id, name, slug, created_at, updated_at) VALUES (1004, 'daily-motivation', 'daily-motivation', NOW(), NOW()) ON CONFLICT DO NOTHING;
INSERT INTO tags (id, name, slug, created_at, updated_at) VALUES (1005, 'inner-peace', 'inner-peace', NOW(), NOW()) ON CONFLICT DO NOTHING;

-- INSERT USERS
INSERT INTO users (id, name, username, email, password, role, is_bot, is_onboarded, bio, created_at, updated_at) VALUES (1000, 'Jensen Schinner', 'CesarEffertzConnelly', 'Liana_OConner@hotmail.com', 'Password123!', 'user', false, true, 'filmmaker', '2026-07-05T08:28:34.333Z', '2026-07-05T08:28:34.334Z') ON CONFLICT DO NOTHING;
INSERT INTO users (id, name, username, email, password, role, is_bot, is_onboarded, bio, created_at, updated_at) VALUES (1001, 'Jose Fay', 'JessycaAuerLabadie', 'Arden.Hane@hotmail.com', 'Password123!', 'user', false, true, 'entrepreneur, student, teacher', '2026-07-05T08:28:34.335Z', '2026-07-05T08:28:34.335Z') ON CONFLICT DO NOTHING;
INSERT INTO users (id, name, username, email, password, role, is_bot, is_onboarded, bio, created_at, updated_at) VALUES (1002, 'Isaac Conroy IV', 'LennieTurcotte', 'Kristie.Considine70@gmail.com', 'Password123!', 'user', false, true, 'student, teacher', '2026-07-05T08:28:34.335Z', '2026-07-05T08:28:34.335Z') ON CONFLICT DO NOTHING;
INSERT INTO users (id, name, username, email, password, role, is_bot, is_onboarded, bio, created_at, updated_at) VALUES (1003, 'Sydni Casper', 'Carlos79', 'Kyler_VonRueden-Crooks@gmail.com', 'Password123!', 'user', false, true, 'cafe advocate  🧲', '2026-07-05T08:28:34.336Z', '2026-07-05T08:28:34.336Z') ON CONFLICT DO NOTHING;
INSERT INTO users (id, name, username, email, password, role, is_bot, is_onboarded, bio, created_at, updated_at) VALUES (1004, 'Dianne Nienow', 'ClaireGleichnerLind7', 'Traci5@hotmail.com', 'Password123!', 'user', false, true, 'swath lover  😭', '2026-07-05T08:28:34.336Z', '2026-07-05T08:28:34.336Z') ON CONFLICT DO NOTHING;
INSERT INTO users (id, name, username, email, password, role, is_bot, is_onboarded, bio, created_at, updated_at) VALUES (1005, 'Ms. Lesley Schmitt', 'LoreneBeahan34', 'Laurine37@gmail.com', 'Password123!', 'user', false, true, 'student, activist, designer 🥏', '2026-07-05T08:28:34.336Z', '2026-07-05T08:28:34.336Z') ON CONFLICT DO NOTHING;
INSERT INTO users (id, name, username, email, password, role, is_bot, is_onboarded, bio, created_at, updated_at) VALUES (1006, 'Maryann Becker', 'AlexisSchuppe', 'Helga.Dickinson50@gmail.com', 'Password123!', 'user', false, true, 'folklore lover, grad', '2026-07-05T08:28:34.336Z', '2026-07-05T08:28:34.336Z') ON CONFLICT DO NOTHING;
INSERT INTO users (id, name, username, email, password, role, is_bot, is_onboarded, bio, created_at, updated_at) VALUES (1007, 'Marta Stiedemann', 'KenFeil', 'Herbert_Shields63@hotmail.com', 'Password123!', 'user', false, true, 'geek', '2026-07-05T08:28:34.336Z', '2026-07-05T08:28:34.336Z') ON CONFLICT DO NOTHING;
INSERT INTO users (id, name, username, email, password, role, is_bot, is_onboarded, bio, created_at, updated_at) VALUES (1008, 'Antonette Moen', 'BoydHudson68', 'Devin_Schuster@hotmail.com', 'Password123!', 'user', false, true, 'blogger, gamer', '2026-07-05T08:28:34.336Z', '2026-07-05T08:28:34.336Z') ON CONFLICT DO NOTHING;
INSERT INTO users (id, name, username, email, password, role, is_bot, is_onboarded, bio, created_at, updated_at) VALUES (1009, 'Cheyanne Fahey', 'LorenzoFay4', 'Veronica88@gmail.com', 'Password123!', 'user', false, true, 'gamer, filmmaker', '2026-07-05T08:28:34.337Z', '2026-07-05T08:28:34.337Z') ON CONFLICT DO NOTHING;
INSERT INTO users (id, name, username, email, password, role, is_bot, is_onboarded, bio, created_at, updated_at) VALUES (1010, 'Bessie Mayert', 'Caroline74', 'Samantha47@gmail.com', 'Password123!', 'user', false, true, 'lifestyle enthusiast  🤨', '2026-07-05T08:28:34.337Z', '2026-07-05T08:28:34.337Z') ON CONFLICT DO NOTHING;
INSERT INTO users (id, name, username, email, password, role, is_bot, is_onboarded, bio, created_at, updated_at) VALUES (1011, 'Helen Reichert', 'KylerBayer67', 'Kurt95@gmail.com', 'Password123!', 'user', false, true, 'collaboration supporter, student', '2026-07-05T08:28:34.337Z', '2026-07-05T08:28:34.337Z') ON CONFLICT DO NOTHING;

-- INSERT QUOTES
INSERT INTO quotes (id, user_id, content, author, source, created_at, updated_at) VALUES (1000, 1003, 'Stultus uredo dicta celebrer minima volo ciminatio caritas tersus culpa. Valeo paulatim stipes.', 'Terrell Adams', 'Seeded Data', '2026-07-05T08:28:34.337Z', '2026-07-05T08:28:34.337Z') ON CONFLICT DO NOTHING;
INSERT INTO quotes (id, user_id, content, author, source, created_at, updated_at) VALUES (1001, 1009, 'Consectetur spes utrum verumtamen concedo defetiscor. Tolero aduro crinis fuga.', 'Carolina Connelly', 'Seeded Data', '2026-07-05T08:28:34.338Z', '2026-07-05T08:28:34.338Z') ON CONFLICT DO NOTHING;
INSERT INTO quotes (id, user_id, content, author, source, created_at, updated_at) VALUES (1002, 1009, 'Saepe temptatio crepusculum suspendo tenuis degusto. Territo clam sto tredecim creator totidem degusto tener.', 'Henry West', 'Seeded Data', '2026-07-05T08:28:34.338Z', '2026-07-05T08:28:34.338Z') ON CONFLICT DO NOTHING;
INSERT INTO quotes (id, user_id, content, author, source, created_at, updated_at) VALUES (1003, 1000, 'Via defungo comitatus stabilis subvenio utroque fugiat. Adhuc valetudo dolorem aqua ascisco dedico cunae voluntarius.', 'Pietro O''Hara-Dicki', 'Seeded Data', '2026-07-05T08:28:34.338Z', '2026-07-05T08:28:34.338Z') ON CONFLICT DO NOTHING;
INSERT INTO quotes (id, user_id, content, author, source, created_at, updated_at) VALUES (1004, 1011, 'Tergo tempore validus volaticus. Velut talus delego adficio cubitum cohaero cetera solum copia.', 'Odell Luettgen', 'Seeded Data', '2026-07-05T08:28:34.338Z', '2026-07-05T08:28:34.338Z') ON CONFLICT DO NOTHING;
INSERT INTO quotes (id, user_id, content, author, source, created_at, updated_at) VALUES (1005, 1000, 'Aestus volubilis derelinquo. Atrox undique solvo bestia celer surgo laboriosam viscus.', 'Ms. Opal McKenzie', 'Seeded Data', '2026-07-05T08:28:34.338Z', '2026-07-05T08:28:34.338Z') ON CONFLICT DO NOTHING;
INSERT INTO quotes (id, user_id, content, author, source, created_at, updated_at) VALUES (1006, 1007, 'Ipsa depopulo eos thesis deprimo sumo confero trepide. Voluptas tutamen amor videlicet audacia possimus curis.', 'Ms. Maya Barton', 'Seeded Data', '2026-07-05T08:28:34.338Z', '2026-07-05T08:28:34.338Z') ON CONFLICT DO NOTHING;
INSERT INTO quotes (id, user_id, content, author, source, created_at, updated_at) VALUES (1007, 1009, 'Uredo solutio vociferor vitae. Canis cogito deinde amicitia iusto ulterius turbo.', 'Cornelius Leannon', 'Seeded Data', '2026-07-05T08:28:34.338Z', '2026-07-05T08:28:34.338Z') ON CONFLICT DO NOTHING;
INSERT INTO quotes (id, user_id, content, author, source, created_at, updated_at) VALUES (1008, 1001, 'Stips absconditus utilis dedecor infit somnus adficio ceno studio. Reprehenderit aeternus via alo voco venio demitto.', 'Ray Lebsack', 'Seeded Data', '2026-07-05T08:28:34.338Z', '2026-07-05T08:28:34.338Z') ON CONFLICT DO NOTHING;
INSERT INTO quotes (id, user_id, content, author, source, created_at, updated_at) VALUES (1009, 1003, 'Canonicus tabesco adstringo apostolus adeo viriliter commodi absum villa minus. Spiritus tendo incidunt aegre currus utroque cotidie virga.', 'Ms. Pierre Hamill', 'Seeded Data', '2026-07-05T08:28:34.338Z', '2026-07-05T08:28:34.338Z') ON CONFLICT DO NOTHING;
INSERT INTO quotes (id, user_id, content, author, source, created_at, updated_at) VALUES (1010, 1002, 'Ager vero cupressus comitatus. Quas repellendus abeo conspergo vehemens arceo aedificium.', 'Toney Reichel', 'Seeded Data', '2026-07-05T08:28:34.338Z', '2026-07-05T08:28:34.338Z') ON CONFLICT DO NOTHING;
INSERT INTO quotes (id, user_id, content, author, source, created_at, updated_at) VALUES (1011, 1009, 'Hic amissio speculum temperantia carcer teneo aeneus calamitas ullus. Carbo atrocitas reiciendis tibi admoveo magnam civitas aestas.', 'Merlin Willms II', 'Seeded Data', '2026-07-05T08:28:34.338Z', '2026-07-05T08:28:34.338Z') ON CONFLICT DO NOTHING;
INSERT INTO quotes (id, user_id, content, author, source, created_at, updated_at) VALUES (1012, 1001, 'Antiquus voluptas chirographum amplus virgo. Capitulus commodo umbra vesco peccatus.', 'Miss Carmen Schmitt IV', 'Seeded Data', '2026-07-05T08:28:34.338Z', '2026-07-05T08:28:34.338Z') ON CONFLICT DO NOTHING;
INSERT INTO quotes (id, user_id, content, author, source, created_at, updated_at) VALUES (1013, 1004, 'Aperte convoco temperantia perferendis sperno quisquam. Tam antea abundans calcar tabgo attollo.', 'Allan Dibbert', 'Seeded Data', '2026-07-05T08:28:34.339Z', '2026-07-05T08:28:34.339Z') ON CONFLICT DO NOTHING;
INSERT INTO quotes (id, user_id, content, author, source, created_at, updated_at) VALUES (1014, 1001, 'Tametsi aiunt eum cursim. Textus deleo curriculum dapifer vis atque truculenter dens totam terga.', 'Herman Jacobi', 'Seeded Data', '2026-07-05T08:28:34.339Z', '2026-07-05T08:28:34.339Z') ON CONFLICT DO NOTHING;
INSERT INTO quotes (id, user_id, content, author, source, created_at, updated_at) VALUES (1015, 1005, 'Adnuo voluptatum spectaculum aranea. Vulgus carcer vilis defero calamitas sortitus accusamus.', 'Malvina Bogan', 'Seeded Data', '2026-07-05T08:28:34.339Z', '2026-07-05T08:28:34.339Z') ON CONFLICT DO NOTHING;
INSERT INTO quotes (id, user_id, content, author, source, created_at, updated_at) VALUES (1016, 1010, 'Amet qui cupressus cras acerbitas tantillus termes. Comparo acer aegre asporto audacia.', 'Whitney Erdman', 'Seeded Data', '2026-07-05T08:28:34.339Z', '2026-07-05T08:28:34.339Z') ON CONFLICT DO NOTHING;
INSERT INTO quotes (id, user_id, content, author, source, created_at, updated_at) VALUES (1017, 1000, 'Concedo sapiente decens curvo viriliter. Delectatio administratio spargo nulla verto ullam.', 'Harvey Cummings', 'Seeded Data', '2026-07-05T08:28:34.339Z', '2026-07-05T08:28:34.339Z') ON CONFLICT DO NOTHING;
INSERT INTO quotes (id, user_id, content, author, source, created_at, updated_at) VALUES (1018, 1000, 'Minima coaegresco cimentarius agnitio teres cruentus chirographum. Voluptatibus versus alo ars adopto tredecim combibo statim ars.', 'Jennifer O''Conner', 'Seeded Data', '2026-07-05T08:28:34.339Z', '2026-07-05T08:28:34.339Z') ON CONFLICT DO NOTHING;
INSERT INTO quotes (id, user_id, content, author, source, created_at, updated_at) VALUES (1019, 1003, 'Comes chirographum degero aggero triduana. Tergum debeo conspergo absconditus ceno verbera strues occaecati.', 'Ocie Bins Jr.', 'Seeded Data', '2026-07-05T08:28:34.339Z', '2026-07-05T08:28:34.339Z') ON CONFLICT DO NOTHING;
INSERT INTO quotes (id, user_id, content, author, source, created_at, updated_at) VALUES (1020, 1004, 'Adhuc adversus talis cubo ambitus tui admiratio dignissimos. Sunt pel delego pecco tego asperiores coma vos nesciunt.', 'Clementine Beier', 'Seeded Data', '2026-07-05T08:28:34.339Z', '2026-07-05T08:28:34.339Z') ON CONFLICT DO NOTHING;
INSERT INTO quotes (id, user_id, content, author, source, created_at, updated_at) VALUES (1021, 1007, 'Defetiscor perspiciatis virga utrimque error virga voluptates adicio explicabo. Paulatim voluptates supplanto appello modi et thema coniecto audacia spiritus.', 'Ms. Dameon Hoppe', 'Seeded Data', '2026-07-05T08:28:34.339Z', '2026-07-05T08:28:34.339Z') ON CONFLICT DO NOTHING;
INSERT INTO quotes (id, user_id, content, author, source, created_at, updated_at) VALUES (1022, 1008, 'Pariatur tolero delibero alias pariatur. Abbas vetus conduco asporto sunt.', 'Braulio Hilll', 'Seeded Data', '2026-07-05T08:28:34.339Z', '2026-07-05T08:28:34.339Z') ON CONFLICT DO NOTHING;
INSERT INTO quotes (id, user_id, content, author, source, created_at, updated_at) VALUES (1023, 1002, 'Tunc communis nesciunt ante eveniet texo deinde cruciamentum. Aeneus sit utilis natus vorago una suadeo aegrus suspendo.', 'Myrtle Pfannerstill', 'Seeded Data', '2026-07-05T08:28:34.339Z', '2026-07-05T08:28:34.339Z') ON CONFLICT DO NOTHING;
INSERT INTO quotes (id, user_id, content, author, source, created_at, updated_at) VALUES (1024, 1005, 'Demonstro audacia sumo vos tepidus admoveo accusamus aggredior brevis. A atrocitas asper confero.', 'Joelle Beier', 'Seeded Data', '2026-07-05T08:28:34.339Z', '2026-07-05T08:28:34.339Z') ON CONFLICT DO NOTHING;
INSERT INTO quotes (id, user_id, content, author, source, created_at, updated_at) VALUES (1025, 1004, 'Candidus cursus valeo admitto venio copia stipes perspiciatis approbo animadverto. Conitor turpis admoneo audax deserunt repudiandae fuga molestias averto.', 'Lisa Langosh III', 'Seeded Data', '2026-07-05T08:28:34.339Z', '2026-07-05T08:28:34.339Z') ON CONFLICT DO NOTHING;
INSERT INTO quotes (id, user_id, content, author, source, created_at, updated_at) VALUES (1026, 1010, 'Cito depulso curto deputo curia deprimo contabesco brevis derelinquo. Victoria uberrime caute termes concedo admoveo.', 'Dr. Laverne Buckridge', 'Seeded Data', '2026-07-05T08:28:34.339Z', '2026-07-05T08:28:34.339Z') ON CONFLICT DO NOTHING;
INSERT INTO quotes (id, user_id, content, author, source, created_at, updated_at) VALUES (1027, 1005, 'Quia rerum vulpes tendo ventus commodi. Amet solitudo fugit volubilis dolor vesper carbo despecto addo.', 'Carolyn Schumm', 'Seeded Data', '2026-07-05T08:28:34.339Z', '2026-07-05T08:28:34.339Z') ON CONFLICT DO NOTHING;
INSERT INTO quotes (id, user_id, content, author, source, created_at, updated_at) VALUES (1028, 1010, 'Tunc sumo abduco dolorum. Cunabula curtus aedificium vobis comedo auctus.', 'Jalyn Jenkins', 'Seeded Data', '2026-07-05T08:28:34.339Z', '2026-07-05T08:28:34.339Z') ON CONFLICT DO NOTHING;
INSERT INTO quotes (id, user_id, content, author, source, created_at, updated_at) VALUES (1029, 1001, 'Absque taceo ocer voco. Speciosus tego veritas clibanus ter bellum deficio.', 'Mckayla Corwin', 'Seeded Data', '2026-07-05T08:28:34.339Z', '2026-07-05T08:28:34.339Z') ON CONFLICT DO NOTHING;
INSERT INTO quotes (id, user_id, content, author, source, created_at, updated_at) VALUES (1030, 1010, 'Sopor assumenda congregatio cavus ceno cum allatus. Accendo deporto ubi in quibusdam surgo defungo.', 'Samson Jacobi', 'Seeded Data', '2026-07-05T08:28:34.339Z', '2026-07-05T08:28:34.339Z') ON CONFLICT DO NOTHING;
INSERT INTO quotes (id, user_id, content, author, source, created_at, updated_at) VALUES (1031, 1000, 'Aegrus iure calculus cognatus balbus. Cariosus avarus totam aeneus ceno terebro necessitatibus angustus astrum.', 'May Kutch', 'Seeded Data', '2026-07-05T08:28:34.339Z', '2026-07-05T08:28:34.339Z') ON CONFLICT DO NOTHING;
INSERT INTO quotes (id, user_id, content, author, source, created_at, updated_at) VALUES (1032, 1001, 'Cilicium socius facilis nam calcar deduco comes vorago decipio abutor. Valde contabesco apto auctor suscipit civitas beatus.', 'Jimmy Denesik', 'Seeded Data', '2026-07-05T08:28:34.340Z', '2026-07-05T08:28:34.340Z') ON CONFLICT DO NOTHING;
INSERT INTO quotes (id, user_id, content, author, source, created_at, updated_at) VALUES (1033, 1005, 'Spoliatio vulnero amplitudo demo cur ipsa cultellus adopto. Pauci clamo abeo creta crebro.', 'Mr. Julio Quigley', 'Seeded Data', '2026-07-05T08:28:34.340Z', '2026-07-05T08:28:34.340Z') ON CONFLICT DO NOTHING;
INSERT INTO quotes (id, user_id, content, author, source, created_at, updated_at) VALUES (1034, 1002, 'Damnatio aliquid aegre bestia titulus voco. Ait totam somnus amicitia ars nam trucido verbum curto.', 'Mrs. Luciano Johnson', 'Seeded Data', '2026-07-05T08:28:34.340Z', '2026-07-05T08:28:34.340Z') ON CONFLICT DO NOTHING;
INSERT INTO quotes (id, user_id, content, author, source, created_at, updated_at) VALUES (1035, 1004, 'Neque cursim supra viridis acerbitas eligendi decerno curatio alioqui. Alter turba vicinus ciminatio tempus trans solus.', 'Rachael Simonis PhD', 'Seeded Data', '2026-07-05T08:28:34.340Z', '2026-07-05T08:28:34.340Z') ON CONFLICT DO NOTHING;
INSERT INTO quotes (id, user_id, content, author, source, created_at, updated_at) VALUES (1036, 1011, 'Spoliatio vester desparatus tabesco denique. Clamo vestigium una derideo ullus pel.', 'Dr. Marjorie Labadie', 'Seeded Data', '2026-07-05T08:28:34.340Z', '2026-07-05T08:28:34.340Z') ON CONFLICT DO NOTHING;
INSERT INTO quotes (id, user_id, content, author, source, created_at, updated_at) VALUES (1037, 1006, 'Debitis catena consectetur una. Verbum volubilis eius tametsi conor.', 'Muhammad Rutherford', 'Seeded Data', '2026-07-05T08:28:34.340Z', '2026-07-05T08:28:34.340Z') ON CONFLICT DO NOTHING;
INSERT INTO quotes (id, user_id, content, author, source, created_at, updated_at) VALUES (1038, 1007, 'Patria ab cresco corrigo collum talio. Apparatus tergeo aer via.', 'Leroy Satterfield', 'Seeded Data', '2026-07-05T08:28:34.340Z', '2026-07-05T08:28:34.340Z') ON CONFLICT DO NOTHING;
INSERT INTO quotes (id, user_id, content, author, source, created_at, updated_at) VALUES (1039, 1002, 'Causa arto curtus. Adversus ter tabella accommodo cognomen deserunt.', 'Rebekah McKenzie', 'Seeded Data', '2026-07-05T08:28:34.340Z', '2026-07-05T08:28:34.340Z') ON CONFLICT DO NOTHING;
INSERT INTO quotes (id, user_id, content, author, source, created_at, updated_at) VALUES (1040, 1007, 'Canonicus timor coadunatio tot adiuvo sui. Utrum textor astrum sint explicabo.', 'Gunnar Wisoky', 'Seeded Data', '2026-07-05T08:28:34.340Z', '2026-07-05T08:28:34.340Z') ON CONFLICT DO NOTHING;
INSERT INTO quotes (id, user_id, content, author, source, created_at, updated_at) VALUES (1041, 1000, 'Harum voluptates contabesco alias condico alias dolorem. Ambitus vomica abeo decerno bene reprehenderit vigilo.', 'Gary O''Reilly', 'Seeded Data', '2026-07-05T08:28:34.340Z', '2026-07-05T08:28:34.340Z') ON CONFLICT DO NOTHING;
INSERT INTO quotes (id, user_id, content, author, source, created_at, updated_at) VALUES (1042, 1009, 'Vester veniam aut impedit dedecor clamo. Defungo arma pauci.', 'Emmanuelle Kuhn-Rempel', 'Seeded Data', '2026-07-05T08:28:34.340Z', '2026-07-05T08:28:34.340Z') ON CONFLICT DO NOTHING;
INSERT INTO quotes (id, user_id, content, author, source, created_at, updated_at) VALUES (1043, 1010, 'Admiratio delectus esse degero tersus deripio cariosus. Altus valde paulatim utique aureus admitto administratio unde traho alii.', 'Willis Muller-Cremin', 'Seeded Data', '2026-07-05T08:28:34.340Z', '2026-07-05T08:28:34.340Z') ON CONFLICT DO NOTHING;
INSERT INTO quotes (id, user_id, content, author, source, created_at, updated_at) VALUES (1044, 1010, 'Verbera nostrum asporto cupio civitas decerno subseco decet tempora contabesco. Tutis at accusamus una uterque.', 'Charlie Rath', 'Seeded Data', '2026-07-05T08:28:34.340Z', '2026-07-05T08:28:34.340Z') ON CONFLICT DO NOTHING;
INSERT INTO quotes (id, user_id, content, author, source, created_at, updated_at) VALUES (1045, 1011, 'Valetudo circumvenio adinventitias. Cubicularis inflammatio coepi amiculum tabernus.', 'Christophe Douglas Jr.', 'Seeded Data', '2026-07-05T08:28:34.340Z', '2026-07-05T08:28:34.340Z') ON CONFLICT DO NOTHING;
INSERT INTO quotes (id, user_id, content, author, source, created_at, updated_at) VALUES (1046, 1009, 'Carpo currus valens. Tempus corrupti sophismata commodi aurum via adipisci.', 'Drew D''Amore', 'Seeded Data', '2026-07-05T08:28:34.340Z', '2026-07-05T08:28:34.340Z') ON CONFLICT DO NOTHING;
INSERT INTO quotes (id, user_id, content, author, source, created_at, updated_at) VALUES (1047, 1000, 'Sufficio textilis video capillus cervus victoria. Sunt adipisci totidem charisma carus autem.', 'Kari Quitzon', 'Seeded Data', '2026-07-05T08:28:34.340Z', '2026-07-05T08:28:34.340Z') ON CONFLICT DO NOTHING;
INSERT INTO quotes (id, user_id, content, author, source, created_at, updated_at) VALUES (1048, 1006, 'Aduro curso demo teneo. Audacia beatus astrum apostolus angelus vis ascit.', 'Mr. Vincenza Satterfield MD', 'Seeded Data', '2026-07-05T08:28:34.340Z', '2026-07-05T08:28:34.340Z') ON CONFLICT DO NOTHING;
INSERT INTO quotes (id, user_id, content, author, source, created_at, updated_at) VALUES (1049, 1001, 'Solutio alius atrox omnis. Condico tripudio utroque.', 'Neva Herzog', 'Seeded Data', '2026-07-05T08:28:34.340Z', '2026-07-05T08:28:34.340Z') ON CONFLICT DO NOTHING;

-- ATTACH CATEGORIES AND TAGS TO QUOTES
INSERT INTO category_quotes (category_id, quote_id) VALUES (1002, 1000) ON CONFLICT DO NOTHING;
INSERT INTO category_quotes (category_id, quote_id) VALUES (1001, 1000) ON CONFLICT DO NOTHING;
INSERT INTO quote_tags (quote_id, tag_id) VALUES (1000, 1005) ON CONFLICT DO NOTHING;
INSERT INTO quote_tags (quote_id, tag_id) VALUES (1000, 1002) ON CONFLICT DO NOTHING;
INSERT INTO quote_tags (quote_id, tag_id) VALUES (1000, 1001) ON CONFLICT DO NOTHING;
INSERT INTO category_quotes (category_id, quote_id) VALUES (1000, 1001) ON CONFLICT DO NOTHING;
INSERT INTO category_quotes (category_id, quote_id) VALUES (1002, 1001) ON CONFLICT DO NOTHING;
INSERT INTO quote_tags (quote_id, tag_id) VALUES (1001, 1004) ON CONFLICT DO NOTHING;
INSERT INTO category_quotes (category_id, quote_id) VALUES (1003, 1002) ON CONFLICT DO NOTHING;
INSERT INTO category_quotes (category_id, quote_id) VALUES (1002, 1002) ON CONFLICT DO NOTHING;
INSERT INTO quote_tags (quote_id, tag_id) VALUES (1002, 1005) ON CONFLICT DO NOTHING;
INSERT INTO category_quotes (category_id, quote_id) VALUES (1001, 1003) ON CONFLICT DO NOTHING;
INSERT INTO quote_tags (quote_id, tag_id) VALUES (1003, 1005) ON CONFLICT DO NOTHING;
INSERT INTO quote_tags (quote_id, tag_id) VALUES (1003, 1000) ON CONFLICT DO NOTHING;
INSERT INTO category_quotes (category_id, quote_id) VALUES (1004, 1004) ON CONFLICT DO NOTHING;
INSERT INTO category_quotes (category_id, quote_id) VALUES (1003, 1004) ON CONFLICT DO NOTHING;
INSERT INTO quote_tags (quote_id, tag_id) VALUES (1004, 1003) ON CONFLICT DO NOTHING;
INSERT INTO quote_tags (quote_id, tag_id) VALUES (1004, 1005) ON CONFLICT DO NOTHING;
INSERT INTO category_quotes (category_id, quote_id) VALUES (1005, 1005) ON CONFLICT DO NOTHING;
INSERT INTO category_quotes (category_id, quote_id) VALUES (1002, 1005) ON CONFLICT DO NOTHING;
INSERT INTO quote_tags (quote_id, tag_id) VALUES (1005, 1005) ON CONFLICT DO NOTHING;
INSERT INTO quote_tags (quote_id, tag_id) VALUES (1005, 1001) ON CONFLICT DO NOTHING;
INSERT INTO quote_tags (quote_id, tag_id) VALUES (1005, 1004) ON CONFLICT DO NOTHING;
INSERT INTO category_quotes (category_id, quote_id) VALUES (1001, 1006) ON CONFLICT DO NOTHING;
INSERT INTO quote_tags (quote_id, tag_id) VALUES (1006, 1001) ON CONFLICT DO NOTHING;
INSERT INTO quote_tags (quote_id, tag_id) VALUES (1006, 1004) ON CONFLICT DO NOTHING;
INSERT INTO quote_tags (quote_id, tag_id) VALUES (1006, 1000) ON CONFLICT DO NOTHING;
INSERT INTO category_quotes (category_id, quote_id) VALUES (1000, 1007) ON CONFLICT DO NOTHING;
INSERT INTO category_quotes (category_id, quote_id) VALUES (1005, 1007) ON CONFLICT DO NOTHING;
INSERT INTO quote_tags (quote_id, tag_id) VALUES (1007, 1005) ON CONFLICT DO NOTHING;
INSERT INTO category_quotes (category_id, quote_id) VALUES (1002, 1008) ON CONFLICT DO NOTHING;
INSERT INTO category_quotes (category_id, quote_id) VALUES (1004, 1008) ON CONFLICT DO NOTHING;
INSERT INTO quote_tags (quote_id, tag_id) VALUES (1008, 1004) ON CONFLICT DO NOTHING;
INSERT INTO quote_tags (quote_id, tag_id) VALUES (1008, 1005) ON CONFLICT DO NOTHING;
INSERT INTO quote_tags (quote_id, tag_id) VALUES (1008, 1002) ON CONFLICT DO NOTHING;
INSERT INTO category_quotes (category_id, quote_id) VALUES (1002, 1009) ON CONFLICT DO NOTHING;
INSERT INTO category_quotes (category_id, quote_id) VALUES (1005, 1009) ON CONFLICT DO NOTHING;
INSERT INTO quote_tags (quote_id, tag_id) VALUES (1009, 1001) ON CONFLICT DO NOTHING;
INSERT INTO category_quotes (category_id, quote_id) VALUES (1002, 1010) ON CONFLICT DO NOTHING;
INSERT INTO quote_tags (quote_id, tag_id) VALUES (1010, 1005) ON CONFLICT DO NOTHING;
INSERT INTO quote_tags (quote_id, tag_id) VALUES (1010, 1001) ON CONFLICT DO NOTHING;
INSERT INTO category_quotes (category_id, quote_id) VALUES (1004, 1011) ON CONFLICT DO NOTHING;
INSERT INTO category_quotes (category_id, quote_id) VALUES (1005, 1011) ON CONFLICT DO NOTHING;
INSERT INTO quote_tags (quote_id, tag_id) VALUES (1011, 1003) ON CONFLICT DO NOTHING;
INSERT INTO quote_tags (quote_id, tag_id) VALUES (1011, 1004) ON CONFLICT DO NOTHING;
INSERT INTO quote_tags (quote_id, tag_id) VALUES (1011, 1005) ON CONFLICT DO NOTHING;
INSERT INTO category_quotes (category_id, quote_id) VALUES (1001, 1012) ON CONFLICT DO NOTHING;
INSERT INTO quote_tags (quote_id, tag_id) VALUES (1012, 1005) ON CONFLICT DO NOTHING;
INSERT INTO category_quotes (category_id, quote_id) VALUES (1001, 1013) ON CONFLICT DO NOTHING;
INSERT INTO quote_tags (quote_id, tag_id) VALUES (1013, 1004) ON CONFLICT DO NOTHING;
INSERT INTO category_quotes (category_id, quote_id) VALUES (1002, 1014) ON CONFLICT DO NOTHING;
INSERT INTO category_quotes (category_id, quote_id) VALUES (1001, 1014) ON CONFLICT DO NOTHING;
INSERT INTO quote_tags (quote_id, tag_id) VALUES (1014, 1005) ON CONFLICT DO NOTHING;
INSERT INTO category_quotes (category_id, quote_id) VALUES (1002, 1015) ON CONFLICT DO NOTHING;
INSERT INTO category_quotes (category_id, quote_id) VALUES (1001, 1015) ON CONFLICT DO NOTHING;
INSERT INTO quote_tags (quote_id, tag_id) VALUES (1015, 1004) ON CONFLICT DO NOTHING;
INSERT INTO category_quotes (category_id, quote_id) VALUES (1000, 1016) ON CONFLICT DO NOTHING;
INSERT INTO category_quotes (category_id, quote_id) VALUES (1004, 1016) ON CONFLICT DO NOTHING;
INSERT INTO quote_tags (quote_id, tag_id) VALUES (1016, 1003) ON CONFLICT DO NOTHING;
INSERT INTO category_quotes (category_id, quote_id) VALUES (1001, 1017) ON CONFLICT DO NOTHING;
INSERT INTO quote_tags (quote_id, tag_id) VALUES (1017, 1004) ON CONFLICT DO NOTHING;
INSERT INTO category_quotes (category_id, quote_id) VALUES (1004, 1018) ON CONFLICT DO NOTHING;
INSERT INTO quote_tags (quote_id, tag_id) VALUES (1018, 1003) ON CONFLICT DO NOTHING;
INSERT INTO category_quotes (category_id, quote_id) VALUES (1004, 1019) ON CONFLICT DO NOTHING;
INSERT INTO quote_tags (quote_id, tag_id) VALUES (1019, 1001) ON CONFLICT DO NOTHING;
INSERT INTO quote_tags (quote_id, tag_id) VALUES (1019, 1003) ON CONFLICT DO NOTHING;
INSERT INTO category_quotes (category_id, quote_id) VALUES (1005, 1020) ON CONFLICT DO NOTHING;
INSERT INTO category_quotes (category_id, quote_id) VALUES (1002, 1020) ON CONFLICT DO NOTHING;
INSERT INTO quote_tags (quote_id, tag_id) VALUES (1020, 1000) ON CONFLICT DO NOTHING;
INSERT INTO quote_tags (quote_id, tag_id) VALUES (1020, 1004) ON CONFLICT DO NOTHING;
INSERT INTO quote_tags (quote_id, tag_id) VALUES (1020, 1001) ON CONFLICT DO NOTHING;
INSERT INTO category_quotes (category_id, quote_id) VALUES (1001, 1021) ON CONFLICT DO NOTHING;
INSERT INTO category_quotes (category_id, quote_id) VALUES (1003, 1021) ON CONFLICT DO NOTHING;
INSERT INTO quote_tags (quote_id, tag_id) VALUES (1021, 1003) ON CONFLICT DO NOTHING;
INSERT INTO quote_tags (quote_id, tag_id) VALUES (1021, 1002) ON CONFLICT DO NOTHING;
INSERT INTO quote_tags (quote_id, tag_id) VALUES (1021, 1001) ON CONFLICT DO NOTHING;
INSERT INTO category_quotes (category_id, quote_id) VALUES (1000, 1022) ON CONFLICT DO NOTHING;
INSERT INTO category_quotes (category_id, quote_id) VALUES (1005, 1022) ON CONFLICT DO NOTHING;
INSERT INTO quote_tags (quote_id, tag_id) VALUES (1022, 1002) ON CONFLICT DO NOTHING;
INSERT INTO category_quotes (category_id, quote_id) VALUES (1002, 1023) ON CONFLICT DO NOTHING;
INSERT INTO category_quotes (category_id, quote_id) VALUES (1000, 1023) ON CONFLICT DO NOTHING;
INSERT INTO quote_tags (quote_id, tag_id) VALUES (1023, 1001) ON CONFLICT DO NOTHING;
INSERT INTO quote_tags (quote_id, tag_id) VALUES (1023, 1000) ON CONFLICT DO NOTHING;
INSERT INTO quote_tags (quote_id, tag_id) VALUES (1023, 1002) ON CONFLICT DO NOTHING;
INSERT INTO category_quotes (category_id, quote_id) VALUES (1004, 1024) ON CONFLICT DO NOTHING;
INSERT INTO category_quotes (category_id, quote_id) VALUES (1000, 1024) ON CONFLICT DO NOTHING;
INSERT INTO quote_tags (quote_id, tag_id) VALUES (1024, 1003) ON CONFLICT DO NOTHING;
INSERT INTO quote_tags (quote_id, tag_id) VALUES (1024, 1004) ON CONFLICT DO NOTHING;
INSERT INTO quote_tags (quote_id, tag_id) VALUES (1024, 1000) ON CONFLICT DO NOTHING;
INSERT INTO category_quotes (category_id, quote_id) VALUES (1001, 1025) ON CONFLICT DO NOTHING;
INSERT INTO quote_tags (quote_id, tag_id) VALUES (1025, 1002) ON CONFLICT DO NOTHING;
INSERT INTO quote_tags (quote_id, tag_id) VALUES (1025, 1005) ON CONFLICT DO NOTHING;
INSERT INTO quote_tags (quote_id, tag_id) VALUES (1025, 1000) ON CONFLICT DO NOTHING;
INSERT INTO category_quotes (category_id, quote_id) VALUES (1003, 1026) ON CONFLICT DO NOTHING;
INSERT INTO category_quotes (category_id, quote_id) VALUES (1000, 1026) ON CONFLICT DO NOTHING;
INSERT INTO quote_tags (quote_id, tag_id) VALUES (1026, 1005) ON CONFLICT DO NOTHING;
INSERT INTO category_quotes (category_id, quote_id) VALUES (1000, 1027) ON CONFLICT DO NOTHING;
INSERT INTO category_quotes (category_id, quote_id) VALUES (1001, 1027) ON CONFLICT DO NOTHING;
INSERT INTO quote_tags (quote_id, tag_id) VALUES (1027, 1001) ON CONFLICT DO NOTHING;
INSERT INTO category_quotes (category_id, quote_id) VALUES (1004, 1028) ON CONFLICT DO NOTHING;
INSERT INTO quote_tags (quote_id, tag_id) VALUES (1028, 1005) ON CONFLICT DO NOTHING;
INSERT INTO quote_tags (quote_id, tag_id) VALUES (1028, 1002) ON CONFLICT DO NOTHING;
INSERT INTO category_quotes (category_id, quote_id) VALUES (1002, 1029) ON CONFLICT DO NOTHING;
INSERT INTO category_quotes (category_id, quote_id) VALUES (1003, 1029) ON CONFLICT DO NOTHING;
INSERT INTO quote_tags (quote_id, tag_id) VALUES (1029, 1005) ON CONFLICT DO NOTHING;
INSERT INTO quote_tags (quote_id, tag_id) VALUES (1029, 1002) ON CONFLICT DO NOTHING;
INSERT INTO category_quotes (category_id, quote_id) VALUES (1004, 1030) ON CONFLICT DO NOTHING;
INSERT INTO quote_tags (quote_id, tag_id) VALUES (1030, 1002) ON CONFLICT DO NOTHING;
INSERT INTO category_quotes (category_id, quote_id) VALUES (1003, 1031) ON CONFLICT DO NOTHING;
INSERT INTO quote_tags (quote_id, tag_id) VALUES (1031, 1003) ON CONFLICT DO NOTHING;
INSERT INTO category_quotes (category_id, quote_id) VALUES (1001, 1032) ON CONFLICT DO NOTHING;
INSERT INTO quote_tags (quote_id, tag_id) VALUES (1032, 1005) ON CONFLICT DO NOTHING;
INSERT INTO category_quotes (category_id, quote_id) VALUES (1004, 1033) ON CONFLICT DO NOTHING;
INSERT INTO quote_tags (quote_id, tag_id) VALUES (1033, 1001) ON CONFLICT DO NOTHING;
INSERT INTO quote_tags (quote_id, tag_id) VALUES (1033, 1004) ON CONFLICT DO NOTHING;
INSERT INTO category_quotes (category_id, quote_id) VALUES (1000, 1034) ON CONFLICT DO NOTHING;
INSERT INTO category_quotes (category_id, quote_id) VALUES (1004, 1034) ON CONFLICT DO NOTHING;
INSERT INTO quote_tags (quote_id, tag_id) VALUES (1034, 1001) ON CONFLICT DO NOTHING;
INSERT INTO quote_tags (quote_id, tag_id) VALUES (1034, 1000) ON CONFLICT DO NOTHING;
INSERT INTO category_quotes (category_id, quote_id) VALUES (1004, 1035) ON CONFLICT DO NOTHING;
INSERT INTO category_quotes (category_id, quote_id) VALUES (1005, 1035) ON CONFLICT DO NOTHING;
INSERT INTO quote_tags (quote_id, tag_id) VALUES (1035, 1000) ON CONFLICT DO NOTHING;
INSERT INTO category_quotes (category_id, quote_id) VALUES (1005, 1036) ON CONFLICT DO NOTHING;
INSERT INTO category_quotes (category_id, quote_id) VALUES (1002, 1036) ON CONFLICT DO NOTHING;
INSERT INTO quote_tags (quote_id, tag_id) VALUES (1036, 1001) ON CONFLICT DO NOTHING;
INSERT INTO category_quotes (category_id, quote_id) VALUES (1005, 1037) ON CONFLICT DO NOTHING;
INSERT INTO quote_tags (quote_id, tag_id) VALUES (1037, 1001) ON CONFLICT DO NOTHING;
INSERT INTO category_quotes (category_id, quote_id) VALUES (1001, 1038) ON CONFLICT DO NOTHING;
INSERT INTO category_quotes (category_id, quote_id) VALUES (1000, 1038) ON CONFLICT DO NOTHING;
INSERT INTO quote_tags (quote_id, tag_id) VALUES (1038, 1002) ON CONFLICT DO NOTHING;
INSERT INTO quote_tags (quote_id, tag_id) VALUES (1038, 1000) ON CONFLICT DO NOTHING;
INSERT INTO quote_tags (quote_id, tag_id) VALUES (1038, 1004) ON CONFLICT DO NOTHING;
INSERT INTO category_quotes (category_id, quote_id) VALUES (1001, 1039) ON CONFLICT DO NOTHING;
INSERT INTO quote_tags (quote_id, tag_id) VALUES (1039, 1004) ON CONFLICT DO NOTHING;
INSERT INTO quote_tags (quote_id, tag_id) VALUES (1039, 1000) ON CONFLICT DO NOTHING;
INSERT INTO quote_tags (quote_id, tag_id) VALUES (1039, 1003) ON CONFLICT DO NOTHING;
INSERT INTO category_quotes (category_id, quote_id) VALUES (1004, 1040) ON CONFLICT DO NOTHING;
INSERT INTO quote_tags (quote_id, tag_id) VALUES (1040, 1001) ON CONFLICT DO NOTHING;
INSERT INTO quote_tags (quote_id, tag_id) VALUES (1040, 1003) ON CONFLICT DO NOTHING;
INSERT INTO quote_tags (quote_id, tag_id) VALUES (1040, 1002) ON CONFLICT DO NOTHING;
INSERT INTO category_quotes (category_id, quote_id) VALUES (1000, 1041) ON CONFLICT DO NOTHING;
INSERT INTO quote_tags (quote_id, tag_id) VALUES (1041, 1001) ON CONFLICT DO NOTHING;
INSERT INTO category_quotes (category_id, quote_id) VALUES (1005, 1042) ON CONFLICT DO NOTHING;
INSERT INTO category_quotes (category_id, quote_id) VALUES (1002, 1042) ON CONFLICT DO NOTHING;
INSERT INTO quote_tags (quote_id, tag_id) VALUES (1042, 1000) ON CONFLICT DO NOTHING;
INSERT INTO category_quotes (category_id, quote_id) VALUES (1002, 1043) ON CONFLICT DO NOTHING;
INSERT INTO category_quotes (category_id, quote_id) VALUES (1001, 1043) ON CONFLICT DO NOTHING;
INSERT INTO quote_tags (quote_id, tag_id) VALUES (1043, 1002) ON CONFLICT DO NOTHING;
INSERT INTO quote_tags (quote_id, tag_id) VALUES (1043, 1003) ON CONFLICT DO NOTHING;
INSERT INTO quote_tags (quote_id, tag_id) VALUES (1043, 1001) ON CONFLICT DO NOTHING;
INSERT INTO category_quotes (category_id, quote_id) VALUES (1001, 1044) ON CONFLICT DO NOTHING;
INSERT INTO category_quotes (category_id, quote_id) VALUES (1000, 1044) ON CONFLICT DO NOTHING;
INSERT INTO quote_tags (quote_id, tag_id) VALUES (1044, 1000) ON CONFLICT DO NOTHING;
INSERT INTO quote_tags (quote_id, tag_id) VALUES (1044, 1001) ON CONFLICT DO NOTHING;
INSERT INTO quote_tags (quote_id, tag_id) VALUES (1044, 1002) ON CONFLICT DO NOTHING;
INSERT INTO category_quotes (category_id, quote_id) VALUES (1001, 1045) ON CONFLICT DO NOTHING;
INSERT INTO category_quotes (category_id, quote_id) VALUES (1004, 1045) ON CONFLICT DO NOTHING;
INSERT INTO quote_tags (quote_id, tag_id) VALUES (1045, 1000) ON CONFLICT DO NOTHING;
INSERT INTO quote_tags (quote_id, tag_id) VALUES (1045, 1005) ON CONFLICT DO NOTHING;
INSERT INTO category_quotes (category_id, quote_id) VALUES (1005, 1046) ON CONFLICT DO NOTHING;
INSERT INTO category_quotes (category_id, quote_id) VALUES (1000, 1046) ON CONFLICT DO NOTHING;
INSERT INTO quote_tags (quote_id, tag_id) VALUES (1046, 1005) ON CONFLICT DO NOTHING;
INSERT INTO quote_tags (quote_id, tag_id) VALUES (1046, 1003) ON CONFLICT DO NOTHING;
INSERT INTO quote_tags (quote_id, tag_id) VALUES (1046, 1000) ON CONFLICT DO NOTHING;
INSERT INTO category_quotes (category_id, quote_id) VALUES (1002, 1047) ON CONFLICT DO NOTHING;
INSERT INTO quote_tags (quote_id, tag_id) VALUES (1047, 1004) ON CONFLICT DO NOTHING;
INSERT INTO quote_tags (quote_id, tag_id) VALUES (1047, 1003) ON CONFLICT DO NOTHING;
INSERT INTO category_quotes (category_id, quote_id) VALUES (1000, 1048) ON CONFLICT DO NOTHING;
INSERT INTO quote_tags (quote_id, tag_id) VALUES (1048, 1003) ON CONFLICT DO NOTHING;
INSERT INTO quote_tags (quote_id, tag_id) VALUES (1048, 1004) ON CONFLICT DO NOTHING;
INSERT INTO category_quotes (category_id, quote_id) VALUES (1003, 1049) ON CONFLICT DO NOTHING;
INSERT INTO category_quotes (category_id, quote_id) VALUES (1001, 1049) ON CONFLICT DO NOTHING;
INSERT INTO quote_tags (quote_id, tag_id) VALUES (1049, 1001) ON CONFLICT DO NOTHING;
